Ratio,Real_Samples,Synthetic_Samples,AUC_Test_Real
0.0,7447,0,0.9483572569110632
0.5,7447,3723,0.9432298841485661
1.0,7447,7447,0.9437424826971978
2.0,7447,14894,0.9375656355042818
3.0,7447,22341,0.9406474695388833
5.0,7447,37235,0.9312146851507346
10.0,7447,74470,0.9255636156301633
15.0,7447,111705,0.9226142664707833
