Study,Local_Isolated_Low,Augmented_Low,Global_Synergy_Real,Local_Isolated_Full
GSE108712,0.9818181818181818,0.9760606060606061,0.9813636363636363,0.9884848484848485
GSE45498,0.5971590909090909,0.6051136363636364,0.709090909090909,0.7306818181818182
GSE150615,0.7388392857142857,0.8325892857142858,0.9226190476190477,0.8705357142857143
GSE100150,0.8812316715542522,0.9105571847507331,0.9589442815249266,0.9956011730205278
GSE87211,0.9253048780487805,0.9969512195121951,0.9809451219512195,0.9900914634146342
