Escenario_Sintetico,Microarrays_Only,RNA_seq_Only,Harmonized_Datalake
1r,0.954733540382268,0.8880681818181818,0.9483572569110632
1r+1s,0.9460143080084674,0.8920454545454546,0.9392421587682098
1r+5s,0.9346436131584234,0.8857954545454546,0.930428793194578
1r+11s,0.9233949844713298,0.8795454545454545,0.9187153267659679
1r+22s,0.9133090746148734,0.8710227272727272,0.9088129493907776
